time,Outdoor AQI,Dining Hall D2 AQI,Campus Center AQI,Hazardous,Very Unheathy,Unhealthy,Unhealthy for Sensitive Groups,Moderate,Good
2023-09-16 00:00,171,88,92,0,300,200,150,100,50
2023-09-16 01:00,169,82,96,0,300,200,150,100,50
2023-09-16 02:00,167,94,96,0,300,200,150,100,50
2023-09-16 03:00,165,90,97,0,300,200,150,100,50
2023-09-16 04:00,164,85,94,0,300,200,150,100,50
2023-09-16 05:00,165,84,91,0,300,200,150,100,50
2023-09-16 06:00,165,88,82,0,300,200,150,100,50
2023-09-16 07:00,167,92,81,0,300,200,150,100,50
2023-09-16 08:00,169,90,82,0,300,200,150,100,50
2023-09-16 09:00,171,96,84,0,300,200,150,100,50
2023-09-16 10:00,170,101,84,0,300,200,150,100,50
2023-09-16 11:00,170,102,85,0,300,200,150,100,50
2023-09-16 12:00,170,142,85,0,300,200,150,100,50
2023-09-16 13:00,170,148,89,0,300,200,150,100,50
2023-09-16 14:00,159,119,83,0,300,200,150,100,50
2023-09-16 15:00,154,75,70,0,300,200,150,100,50
2023-09-16 16:00,128,56,58,0,300,200,150,100,50
2023-09-16 17:00,119,58,51,0,300,200,150,100,50
2023-09-16 18:00,123,72,46,0,300,200,150,100,50
2023-09-16 19:00,159,85,48,0,300,200,150,100,50
2023-09-16 20:00,177,140,62,0,300,200,150,100,50
2023-09-16 21:00,186,147,86,0,300,200,150,100,50
2023-09-16 22:00,186,127,92,0,300,200,150,100,50
2023-09-16 23:00,179,102,103,0,300,200,150,100,50
2023-09-17 00:00,168,86,106,0,300,200,150,100,50
2023-09-17 01:00,164,74,97,0,300,200,150,100,50
2023-09-17 02:00,161,69,92,0,300,200,150,100,50
2023-09-17 03:00,160,68,90,0,300,200,150,100,50
2023-09-17 04:00,159,66,88,0,300,200,150,100,50
2023-09-17 05:00,157,64,84,0,300,200,150,100,50
2023-09-17 06:00,156,69,72,0,300,200,150,100,50
2023-09-17 07:00,157,70,65,0,300,200,150,100,50
2023-09-17 08:00,156,66,65,0,300,200,150,100,50
2023-09-17 09:00,160,70,66,0,300,200,150,100,50
2023-09-17 10:00,160,73,69,0,300,200,150,100,50
2023-09-17 11:00,160,113,66,0,300,200,150,100,50
2023-09-17 12:00,158,144,65,0,300,200,150,100,50
2023-09-17 13:00,161,153,63,0,300,200,150,100,50
2023-09-17 14:00,162,140,62,0,300,200,150,100,50
2023-09-17 15:00,156,162,64,0,300,200,150,100,50
2023-09-17 16:00,124,77,59,0,300,200,150,100,50
2023-09-17 17:00,93,97,53,0,300,200,150,100,50
2023-09-17 18:00,71,154,43,0,300,200,150,100,50
2023-09-17 19:00,71,170,33,0,300,200,150,100,50
2023-09-17 20:00,71,201,31,0,300,200,150,100,50
2023-09-17 21:00,65,203,32,0,300,200,150,100,50
2023-09-17 22:00,73,159,28,0,300,200,150,100,50
2023-09-17 23:00,66,57,25,0,300,200,150,100,50
2023-09-18 00:00,81,38,32,0,300,200,150,100,50
2023-09-18 01:00,109,59,43,0,300,200,150,100,50
2023-09-18 02:00,139,66,54,0,300,200,150,100,50
2023-09-18 03:00,156,78,62,0,300,200,150,100,50
2023-09-18 04:00,155,86,71,0,300,200,150,100,50
2023-09-18 05:00,152,70,74,0,300,200,150,100,50
2023-09-18 06:00,152,64,65,0,300,200,150,100,50
2023-09-18 07:00,152,68,59,0,300,200,150,100,50
2023-09-18 08:00,154,74,56,0,300,200,150,100,50
2023-09-18 09:00,156,82,59,0,300,200,150,100,50
2023-09-18 10:00,156,80,61,0,300,200,150,100,50
2023-09-18 11:00,157,95,61,0,300,200,150,100,50
2023-09-18 12:00,158,117,60,0,300,200,150,100,50
2023-09-18 13:00,158,105,61,0,300,200,150,100,50
2023-09-18 14:00,158,107,62,0,300,200,150,100,50
2023-09-18 15:00,157,89,63,0,300,200,150,100,50
2023-09-18 16:00,157,78,59,0,300,200,150,100,50
2023-09-18 17:00,154,88,56,0,300,200,150,100,50
2023-09-18 18:00,151,92,54,0,300,200,150,100,50
2023-09-18 19:00,151,88,56,0,300,200,150,100,50
2023-09-18 20:00,152,92,57,0,300,200,150,100,50
2023-09-18 21:00,151,84,60,0,300,200,150,100,50
2023-09-18 22:00,153,80,61,0,300,200,150,100,50
2023-09-18 23:00,153,73,70,0,300,200,150,100,50
2023-09-19 00:00,138,67,73,0,300,200,150,100,50
2023-09-19 01:00,131,65,73,0,300,200,150,100,50
2023-09-19 02:00,129,66,72,0,300,200,150,100,50
2023-09-19 03:00,126,64,70,0,300,200,150,100,50
2023-09-19 04:00,126,64,72,0,300,200,150,100,50
2023-09-19 05:00,139,65,72,0,300,200,150,100,50
2023-09-19 06:00,151,67,64,0,300,200,150,100,50
2023-09-19 07:00,153,74,61,0,300,200,150,100,50
2023-09-19 08:00,156,83,61,0,300,200,150,100,50
2023-09-19 09:00,159,76,64,0,300,200,150,100,50
2023-09-19 10:00,165,74,59,0,300,200,150,100,50
2023-09-19 11:00,151,81,54,0,300,200,150,100,50
2023-09-19 12:00,158,84,51,0,300,200,150,100,50
2023-09-19 13:00,167,96,53,0,300,200,150,100,50
2023-09-19 14:00,169,108,53,0,300,200,150,100,50
2023-09-19 15:00,165,81,53,0,300,200,150,100,50
2023-09-19 16:00,165,79,55,0,300,200,150,100,50
2023-09-19 17:00,161,92,57,0,300,200,150,100,50
2023-09-19 18:00,158,97,56,0,300,200,150,100,50
2023-09-19 19:00,160,117,57,0,300,200,150,100,50
2023-09-19 20:00,162,120,61,0,300,200,150,100,50
2023-09-19 21:00,162,101,61,0,300,200,150,100,50
2023-09-19 22:00,164,85,63,0,300,200,150,100,50
2023-09-19 23:00,164,76,69,0,300,200,150,100,50
2023-09-20 00:00,158,68,71,0,300,200,150,100,50
2023-09-20 01:00,157,66,72,0,300,200,150,100,50
2023-09-20 02:00,158,66,71,0,300,200,150,100,50
2023-09-20 03:00,161,65,69,0,300,200,150,100,50
2023-09-20 04:00,160,66,72,0,300,200,150,100,50
2023-09-20 05:00,160,67,73,0,300,200,150,100,50
2023-09-20 06:00,159,66,64,0,300,200,150,100,50
2023-09-20 07:00,158,74,62,0,300,200,150,100,50
2023-09-20 08:00,161,87,61,0,300,200,150,100,50
2023-09-20 09:00,151,73,60,0,300,200,150,100,50
2023-09-20 10:00,95,51,60,0,300,200,150,100,50
2023-09-20 11:00,130,47,51,0,300,200,150,100,50
2023-09-20 12:00,105,58,29,0,300,200,150,100,50
2023-09-20 13:00,113,67,25,0,300,200,150,100,50
2023-09-20 14:00,151,54,23,0,300,200,150,100,50
2023-09-20 15:00,158,70,29,0,300,200,150,100,50
2023-09-20 16:00,159,70,42,0,300,200,150,100,50
2023-09-20 17:00,154,82,45,0,300,200,150,100,50
2023-09-20 18:00,154,94,46,0,300,200,150,100,50
2023-09-20 19:00,149,93,52,0,300,200,150,100,50
2023-09-20 20:00,153,104,56,0,300,200,150,100,50
2023-09-20 21:00,155,96,55,0,300,200,150,100,50
2023-09-20 22:00,158,82,60,0,300,200,150,100,50
2023-09-20 23:00,154,79,62,0,300,200,150,100,50
2023-09-21 00:00,152,64,62,0,300,200,150,100,50
2023-09-21 01:00,151,60,61,0,300,200,150,100,50
2023-09-21 02:00,143,59,60,0,300,200,150,100,50
2023-09-21 03:00,137,61,60,0,300,200,150,100,50
2023-09-21 04:00,145,65,63,0,300,200,150,100,50
2023-09-21 05:00,151,63,64,0,300,200,150,100,50
2023-09-21 06:00,153,65,60,0,300,200,150,100,50
2023-09-21 07:00,152,71,59,0,300,200,150,100,50
2023-09-21 08:00,152,85,53,0,300,200,150,100,50
2023-09-21 09:00,157,102,61,0,300,200,150,100,50
2023-09-21 10:00,160,113,80,0,300,200,150,100,50
2023-09-21 11:00,159,116,70,0,300,200,150,100,50
2023-09-21 12:00,158,134,66,0,300,200,150,100,50
2023-09-21 13:00,158,146,74,0,300,200,150,100,50
2023-09-21 14:00,161,141,74,0,300,200,150,100,50
2023-09-21 15:00,162,128,71,0,300,200,150,100,50
2023-09-21 16:00,#DIV/0!,95,72,0,300,200,150,100,50
2023-09-21 17:00,#DIV/0!,103,69,0,300,200,150,100,50
2023-09-21 18:00,#DIV/0!,133,73,0,300,200,150,100,50
2023-09-21 19:00,#DIV/0!,108,71,0,300,200,150,100,50
2023-09-21 20:00,151,117,71,0,300,200,150,100,50
2023-09-21 21:00,119,94,67,0,300,200,150,100,50
2023-09-21 22:00,97,69,62,0,300,200,150,100,50
2023-09-21 23:00,84,57,59,0,300,200,150,100,50
2023-09-22 00:00,75,45,56,0,300,200,150,100,50
2023-09-22 01:00,74,40,52,0,300,200,150,100,50
2023-09-22 02:00,70,40,47,0,300,200,150,100,50
2023-09-22 03:00,68,36,42,0,300,200,150,100,50
2023-09-22 04:00,72,47,41,0,300,200,150,100,50
2023-09-22 05:00,68,35,42,0,300,200,150,100,50
2023-09-22 06:00,81,37,36,0,300,200,150,100,50
2023-09-22 07:00,141,59,38,0,300,200,150,100,50
2023-09-22 08:00,117,80,51,0,300,200,150,100,50
2023-09-22 09:00,85,72,52,0,300,200,150,100,50
2023-09-22 10:00,99,69,51,0,300,200,150,100,50
2023-09-22 11:00,93,70,45,0,300,200,150,100,50
2023-09-22 12:00,79,68,42,0,300,200,150,100,50
2023-09-22 13:00,81,75,44,0,300,200,150,100,50
2023-09-22 14:00,75,68,44,0,300,200,150,100,50
2023-09-22 15:00,67,51,39,0,300,200,150,100,50
2023-09-22 16:00,69,47,34,0,300,200,150,100,50
2023-09-22 17:00,73,49,35,0,300,200,150,100,50
2023-09-22 18:00,77,70,34,0,300,200,150,100,50
2023-09-22 19:00,75,75,38,0,300,200,150,100,50
2023-09-22 20:00,78,67,39,0,300,200,150,100,50
2023-09-22 21:00,89,61,38,0,300,200,150,100,50
2023-09-22 22:00,104,56,46,0,300,200,150,100,50
2023-09-22 23:00,109,54,47,0,300,200,150,100,50
2023-09-23 00:00,114,56,50,0,300,200,150,100,50
2023-09-23 01:00,119,52,52,0,300,200,150,100,50
2023-09-23 02:00,109,52,51,0,300,200,150,100,50
2023-09-23 03:00,117,52,52,0,300,200,150,100,50
2023-09-23 04:00,136,54,52,0,300,200,150,100,50
2023-09-23 05:00,135,57,54,0,300,200,150,100,50
2023-09-23 06:00,#DIV/0!,59,52,0,300,200,150,100,50
2023-09-23 07:00,#DIV/0!,72,53,0,300,200,150,100,50
2023-09-23 08:00,#DIV/0!,73,56,0,300,200,150,100,50
2023-09-23 09:00,#DIV/0!,63,52,0,300,200,150,100,50
2023-09-23 10:00,#DIV/0!,40,37,0,300,200,150,100,50
2023-09-23 11:00,#DIV/0!,37,30,0,300,200,150,100,50
2023-09-23 12:00,#DIV/0!,55,25,0,300,200,150,100,50
2023-09-23 13:00,#DIV/0!,59,25,0,300,200,150,100,50
2023-09-23 14:00,#DIV/0!,59,23,0,300,200,150,100,50
2023-09-23 15:00,#DIV/0!,47,25,0,300,200,150,100,50
2023-09-23 16:00,#DIV/0!,44,25,0,300,200,150,100,50
2023-09-23 17:00,#DIV/0!,49,25,0,300,200,150,100,50
2023-09-23 18:00,#DIV/0!,76,25,0,300,200,150,100,50
2023-09-23 19:00,#DIV/0!,73,27,0,300,200,150,100,50
2023-09-23 20:00,#DIV/0!,98,28,0,300,200,150,100,50
2023-09-23 21:00,#DIV/0!,60,33,0,300,200,150,100,50
2023-09-23 22:00,#DIV/0!,44,28,0,300,200,150,100,50
2023-09-23 23:00,88,35,27,0,300,200,150,100,50
2023-09-24 00:00,105,36,29,0,300,200,150,100,50
2023-09-24 01:00,#DIV/0!,42,35,0,300,200,150,100,50
2023-09-24 02:00,#DIV/0!,45,42,0,300,200,150,100,50
2023-09-24 03:00,#DIV/0!,34,37,0,300,200,150,100,50
2023-09-24 04:00,#DIV/0!,29,31,0,300,200,150,100,50
2023-09-24 05:00,#DIV/0!,26,29,0,300,200,150,100,50
2023-09-24 06:00,#DIV/0!,21,22,0,300,200,150,100,50
2023-09-24 07:00,#DIV/0!,27,18,0,300,200,150,100,50
2023-09-24 08:00,#DIV/0!,22,17,0,300,200,150,100,50
2023-09-24 09:00,#DIV/0!,22,14,0,300,200,150,100,50
2023-09-24 10:00,#DIV/0!,23,13,0,300,200,150,100,50
2023-09-24 11:00,#DIV/0!,26,16,0,300,200,150,100,50
2023-09-24 12:00,#DIV/0!,47,13,0,300,200,150,100,50
2023-09-24 13:00,#DIV/0!,58,13,0,300,200,150,100,50
2023-09-24 14:00,#DIV/0!,52,15,0,300,200,150,100,50
2023-09-24 15:00,#DIV/0!,27,15,0,300,200,150,100,50
2023-09-24 16:00,#DIV/0!,36,16,0,300,200,150,100,50
2023-09-24 17:00,#DIV/0!,54,17,0,300,200,150,100,50
2023-09-24 18:00,#DIV/0!,75,21,0,300,200,150,100,50
2023-09-24 19:00,#DIV/0!,84,23,0,300,200,150,100,50
2023-09-24 20:00,#DIV/0!,105,25,0,300,200,150,100,50
2023-09-24 21:00,#DIV/0!,67,25,0,300,200,150,100,50
2023-09-24 22:00,#DIV/0!,52,25,0,300,200,150,100,50
2023-09-24 23:00,#DIV/0!,33,25,0,300,200,150,100,50
2023-09-25 00:00,#DIV/0!,21,23,0,300,200,150,100,50
2023-09-25 01:00,#DIV/0!,17,20,0,300,200,150,100,50
2023-09-25 02:00,#DIV/0!,17,20,0,300,200,150,100,50
2023-09-25 03:00,#DIV/0!,16,20,0,300,200,150,100,50
2023-09-25 04:00,#DIV/0!,17,21,0,300,200,150,100,50
2023-09-25 05:00,#DIV/0!,17,22,0,300,200,150,100,50
2023-09-25 06:00,#DIV/0!,17,16,0,300,200,150,100,50
2023-09-25 07:00,#DIV/0!,31,15,0,300,200,150,100,50
2023-09-25 08:00,#DIV/0!,37,17,0,300,200,150,100,50
2023-09-25 09:00,#DIV/0!,33,19,0,300,200,150,100,50
2023-09-25 10:00,#DIV/0!,30,30,0,300,200,150,100,50
2023-09-25 11:00,#DIV/0!,47,24,0,300,200,150,100,50
2023-09-25 12:00,#DIV/0!,55,23,0,300,200,150,100,50
2023-09-25 13:00,#DIV/0!,53,25,0,300,200,150,100,50
2023-09-25 14:00,#DIV/0!,52,30,0,300,200,150,100,50
2023-09-25 15:00,#DIV/0!,38,31,0,300,200,150,100,50
2023-09-25 16:00,#DIV/0!,28,39,0,300,200,150,100,50
2023-09-25 17:00,#DIV/0!,35,30,0,300,200,150,100,50
2023-09-25 18:00,#DIV/0!,49,27,0,300,200,150,100,50
2023-09-25 19:00,#DIV/0!,46,28,0,300,200,150,100,50
2023-09-25 20:00,#DIV/0!,47,31,0,300,200,150,100,50
2023-09-25 21:00,#DIV/0!,36,27,0,300,200,150,100,50
2023-09-25 22:00,#DIV/0!,29,25,0,300,200,150,100,50
2023-09-25 23:00,#DIV/0!,22,27,0,300,200,150,100,50
2023-09-26 00:00,#DIV/0!,23,30,0,300,200,150,100,50
2023-09-26 01:00,#DIV/0!,21,30,0,300,200,150,100,50
2023-09-26 02:00,#DIV/0!,21,30,0,300,200,150,100,50
2023-09-26 03:00,#DIV/0!,22,31,0,300,200,150,100,50
2023-09-26 04:00,#DIV/0!,24,34,0,300,200,150,100,50
2023-09-26 05:00,#DIV/0!,22,34,0,300,200,150,100,50
2023-09-26 06:00,#DIV/0!,21,28,0,300,200,150,100,50
2023-09-26 07:00,#DIV/0!,25,24,0,300,200,150,100,50
2023-09-26 08:00,#DIV/0!,38,25,0,300,200,150,100,50
2023-09-26 09:00,#DIV/0!,47,28,0,300,200,150,100,50
2023-09-26 10:00,#DIV/0!,34,30,0,300,200,150,100,50
2023-09-26 11:00,#DIV/0!,43,25,0,300,200,150,100,50
2023-09-26 12:00,#DIV/0!,60,27,0,300,200,150,100,50
2023-09-26 13:00,#DIV/0!,71,32,0,300,200,150,100,50
2023-09-26 14:00,94,57,33,0,300,200,150,100,50
2023-09-26 15:00,97,32,38,0,300,200,150,100,50
2023-09-26 16:00,#DIV/0!,26,29,0,300,200,150,100,50
2023-09-26 17:00,#DIV/0!,32,26,0,300,200,150,100,50
2023-09-26 18:00,#DIV/0!,57,25,0,300,200,150,100,50
2023-09-26 19:00,#DIV/0!,66,26,0,300,200,150,100,50
2023-09-26 20:00,76,94,26,0,300,200,150,100,50
2023-09-26 21:00,77,59,22,0,300,200,150,100,50
2023-09-26 22:00,79,22,20,0,300,200,150,100,50
2023-09-26 23:00,77,15,20,0,300,200,150,100,50
2023-09-27 00:00,72,12,20,0,300,200,150,100,50
2023-09-27 01:00,80,12,19,0,300,200,150,100,50
2023-09-27 02:00,70,11,18,0,300,200,150,100,50
2023-09-27 03:00,68,10,16,0,300,200,150,100,50
2023-09-27 04:00,65,7,15,0,300,200,150,100,50
2023-09-27 05:00,65,7,14,0,300,200,150,100,50
2023-09-27 06:00,65,7,10,0,300,200,150,100,50
2023-09-27 07:00,76,10,8,0,300,200,150,100,50
2023-09-27 08:00,88,14,10,0,300,200,150,100,50
2023-09-27 09:00,106,20,14,0,300,200,150,100,50
2023-09-27 10:00,132,16,14,0,300,200,150,100,50
2023-09-27 11:00,129,32,17,0,300,200,150,100,50
2023-09-27 12:00,92,45,13,0,300,200,150,100,50
2023-09-27 13:00,75,36,14,0,300,200,150,100,50
2023-09-27 14:00,72,37,17,0,300,200,150,100,50
2023-09-27 15:00,94,15,18,0,300,200,150,100,50
2023-09-27 16:00,100,12,15,0,300,200,150,100,50
2023-09-27 17:00,123,28,15,0,300,200,150,100,50
2023-09-27 18:00,114,56,16,0,300,200,150,100,50
2023-09-27 19:00,103,69,14,0,300,200,150,100,50
2023-09-27 20:00,110,77,17,0,300,200,150,100,50
2023-09-27 21:00,107,73,16,0,300,200,150,100,50
2023-09-27 22:00,94,19,13,0,300,200,150,100,50
2023-09-27 23:00,86,14,13,0,300,200,150,100,50
2023-09-28 00:00,80,12,12,0,300,200,150,100,50
2023-09-28 01:00,84,11,14,0,300,200,150,100,50
2023-09-28 02:00,80,11,15,0,300,200,150,100,50
2023-09-28 03:00,85,12,15,0,300,200,150,100,50
2023-09-28 04:00,99,11,15,0,300,200,150,100,50
2023-09-28 05:00,90,12,16,0,300,200,150,100,50
2023-09-28 06:00,79,9,13,0,300,200,150,100,50
2023-09-28 07:00,77,9,8,0,300,200,150,100,50
2023-09-28 08:00,99,23,7,0,300,200,150,100,50
2023-09-28 09:00,114,17,9,0,300,200,150,100,50
2023-09-28 10:00,105,16,37,0,300,200,150,100,50
2023-09-28 11:00,129,19,20,0,300,200,150,100,50
2023-09-28 12:00,80,38,14,0,300,200,150,100,50
2023-09-28 13:00,71,32,15,0,300,200,150,100,50
2023-09-28 14:00,95,27,19,0,300,200,150,100,50
2023-09-28 15:00,126,22,19,0,300,200,150,100,50
2023-09-28 16:00,121,16,16,0,300,200,150,100,50
2023-09-28 17:00,118,24,17,0,300,200,150,100,50
2023-09-28 18:00,101,28,20,0,300,200,150,100,50
2023-09-28 19:00,94,36,22,0,300,200,150,100,50
2023-09-28 20:00,105,42,24,0,300,200,150,100,50
2023-09-28 21:00,126,43,27,0,300,200,150,100,50
2023-09-28 22:00,127,30,34,0,300,200,150,100,50
2023-09-28 23:00,133,30,39,0,300,200,150,100,50
2023-09-29 00:00,149,37,50,0,300,200,150,100,50
2023-09-29 01:00,126,43,55,0,300,200,150,100,50
2023-09-29 02:00,120,42,55,0,300,200,150,100,50
2023-09-29 03:00,128,44,53,0,300,200,150,100,50
2023-09-29 04:00,133,43,52,0,300,200,150,100,50
2023-09-29 05:00,121,29,47,0,300,200,150,100,50
2023-09-29 06:00,153,24,35,0,300,200,150,100,50
2023-09-29 07:00,154,24,28,0,300,200,150,100,50
2023-09-29 08:00,151,25,26,0,300,200,150,100,50
2023-09-29 09:00,152,31,27,0,300,200,150,100,50
2023-09-29 10:00,154,47,34,0,300,200,150,100,50
2023-09-29 11:00,152,52,41,0,300,200,150,100,50
2023-09-29 12:00,123,71,46,0,300,200,150,100,50
2023-09-29 13:00,123,72,49,0,300,200,150,100,50
2023-09-29 14:00,148,79,51,0,300,200,150,100,50
2023-09-29 15:00,156,72,54,0,300,200,150,100,50
2023-09-29 16:00,157,61,57,0,300,200,150,100,50
2023-09-29 17:00,158,63,61,0,300,200,150,100,50
2023-09-29 18:00,157,79,64,0,300,200,150,100,50
2023-09-29 19:00,157,81,64,0,300,200,150,100,50
2023-09-29 20:00,158,91,65,0,300,200,150,100,50
2023-09-29 21:00,156,83,66,0,300,200,150,100,50
2023-09-29 22:00,157,61,66,0,300,200,150,100,50
2023-09-29 23:00,157,57,68,0,300,200,150,100,50
2023-09-30 00:00,158,57,70,0,300,200,150,100,50
2023-09-30 01:00,159,58,72,0,300,200,150,100,50
2023-09-30 02:00,161,57,72,0,300,200,150,100,50
2023-09-30 03:00,161,57,71,0,300,200,150,100,50
2023-09-30 04:00,160,57,70,0,300,200,150,100,50
2023-09-30 05:00,159,57,71,0,300,200,150,100,50
2023-09-30 06:00,157,56,62,0,300,200,150,100,50
2023-09-30 07:00,159,56,58,0,300,200,150,100,50
2023-09-30 08:00,156,58,58,0,300,200,150,100,50
2023-09-30 09:00,160,62,61,0,300,200,150,100,50
2023-09-30 10:00,157,63,63,0,300,200,150,100,50
2023-09-30 11:00,157,68,62,0,300,200,150,100,50
2023-09-30 12:00,156,93,61,0,300,200,150,100,50
2023-09-30 13:00,155,89,63,0,300,200,150,100,50
2023-09-30 14:00,156,89,63,0,300,200,150,100,50
2023-09-30 15:00,153,78,61,0,300,200,150,100,50
2023-09-30 16:00,153,60,61,0,300,200,150,100,50
2023-09-30 17:00,157,64,59,0,300,200,150,100,50
2023-09-30 18:00,158,82,60,0,300,200,150,100,50
2023-09-30 19:00,154,111,63,0,300,200,150,100,50
2023-09-30 20:00,152,100,66,0,300,200,150,100,50
2023-09-30 21:00,147,76,65,0,300,200,150,100,50
2023-09-30 22:00,141,60,64,0,300,200,150,100,50
2023-09-30 23:00,139,56,64,0,300,200,150,100,50
2023-10-01 00:00,137,55,66,0,300,200,150,100,50
2023-10-01 01:00,151,55,69,0,300,200,150,100,50
2023-10-01 02:00,152,57,70,0,300,200,150,100,50
2023-10-01 03:00,151,58,71,0,300,200,150,100,50
2023-10-01 04:00,152,58,73,0,300,200,150,100,50
2023-10-01 05:00,153,59,75,0,300,200,150,100,50
2023-10-01 06:00,155,60,70,0,300,200,150,100,50
2023-10-01 07:00,157,63,69,0,300,200,150,100,50
2023-10-01 08:00,158,65,71,0,300,200,150,100,50
2023-10-01 09:00,157,68,70,0,300,200,150,100,50
2023-10-01 10:00,156,70,74,0,300,200,150,100,50
2023-10-01 11:00,154,73,70,0,300,200,150,100,50
2023-10-01 12:00,155,82,65,0,300,200,150,100,50
2023-10-01 13:00,160,94,66,0,300,200,150,100,50
2023-10-01 14:00,171,107,74,0,300,200,150,100,50
2023-10-01 15:00,157,94,84,0,300,200,150,100,50
2023-10-01 16:00,105,65,77,0,300,200,150,100,50
2023-10-01 17:00,79,52,63,0,300,200,150,100,50
2023-10-01 18:00,82,69,55,0,300,200,150,100,50
2023-10-01 19:00,73,80,52,0,300,200,150,100,50
2023-10-01 20:00,85,94,56,0,300,200,150,100,50
2023-10-01 21:00,79,71,51,0,300,200,150,100,50
2023-10-01 22:00,77,49,42,0,300,200,150,100,50
2023-10-01 23:00,75,29,39,0,300,200,150,100,50
2023-10-02 00:00,78,20,35,0,300,200,150,100,50
2023-10-02 01:00,78,18,33,0,300,200,150,100,50
2023-10-02 02:00,80,18,31,0,300,200,150,100,50
2023-10-02 03:00,78,19,31,0,300,200,150,100,50
2023-10-02 04:00,74,16,30,0,300,200,150,100,50
2023-10-02 05:00,72,11,25,0,300,200,150,100,50
2023-10-02 06:00,78,12,19,0,300,200,150,100,50
2023-10-02 07:00,78,30,21,0,300,200,150,100,50
2023-10-02 08:00,77,26,23,0,300,200,150,100,50
2023-10-02 09:00,78,24,23,0,300,200,150,100,50
2023-10-02 10:00,80,23,42,0,300,200,150,100,50
2023-10-02 11:00,80,27,27,0,300,200,150,100,50
2023-10-02 12:00,91,44,24,0,300,200,150,100,50
2023-10-02 13:00,95,47,28,0,300,200,150,100,50
2023-10-02 14:00,96,45,31,0,300,200,150,100,50
2023-10-02 15:00,92,32,30,0,300,200,150,100,50
2023-10-02 16:00,84,28,31,0,300,200,150,100,50
2023-10-02 17:00,80,32,31,0,300,200,150,100,50
2023-10-02 18:00,85,49,35,0,300,200,150,100,50
2023-10-02 19:00,80,64,39,0,300,200,150,100,50
2023-10-02 20:00,80,61,42,0,300,200,150,100,50
2023-10-02 21:00,77,42,35,0,300,200,150,100,50
2023-10-02 22:00,76,25,30,0,300,200,150,100,50
2023-10-02 23:00,74,22,32,0,300,200,150,100,50
2023-10-03 00:00,81,25,33,0,300,200,150,100,50
2023-10-03 01:00,98,25,35,0,300,200,150,100,50
2023-10-03 02:00,96,26,37,0,300,200,150,100,50
2023-10-03 03:00,96,28,37,0,300,200,150,100,50
2023-10-03 04:00,99,25,40,0,300,200,150,100,50
2023-10-03 05:00,98,27,40,0,300,200,150,100,50
2023-10-03 06:00,96,28,34,0,300,200,150,100,50
2023-10-03 07:00,101,36,29,0,300,200,150,100,50
2023-10-03 08:00,91,34,27,0,300,200,150,100,50
2023-10-03 09:00,90,45,30,0,300,200,150,100,50
2023-10-03 10:00,89,42,45,0,300,200,150,100,50
2023-10-03 11:00,110,53,46,0,300,200,150,100,50
2023-10-03 12:00,122,70,40,0,300,200,150,100,50
2023-10-03 13:00,121,73,48,0,300,200,150,100,50
2023-10-03 14:00,112,61,53,0,300,200,150,100,50
2023-10-03 15:00,107,47,52,0,300,200,150,100,50
2023-10-03 16:00,110,41,47,0,300,200,150,100,50
2023-10-03 17:00,106,47,48,0,300,200,150,100,50
2023-10-03 18:00,106,55,51,0,300,200,150,100,50
2023-10-03 19:00,108,79,55,0,300,200,150,100,50
2023-10-03 20:00,120,79,55,0,300,200,150,100,50
2023-10-03 21:00,135,63,54,0,300,200,150,100,50
2023-10-03 22:00,140,53,55,0,300,200,150,100,50
2023-10-03 23:00,147,48,60,0,300,200,150,100,50
2023-10-04 00:00,151,51,64,0,300,200,150,100,50
2023-10-04 01:00,151,51,65,0,300,200,150,100,50
2023-10-04 02:00,153,51,65,0,300,200,150,100,50
2023-10-04 03:00,149,48,64,0,300,200,150,100,50
2023-10-04 04:00,152,49,63,0,300,200,150,100,50
2023-10-04 05:00,152,48,63,0,300,200,150,100,50
2023-10-04 06:00,151,50,56,0,300,200,150,100,50
2023-10-04 07:00,153,55,53,0,300,200,150,100,50
2023-10-04 08:00,153,53,53,0,300,200,150,100,50
2023-10-04 09:00,151,59,58,0,300,200,150,100,50
2023-10-04 10:00,139,61,59,0,300,200,150,100,50
2023-10-04 11:00,118,75,62,0,300,200,150,100,50
2023-10-04 12:00,148,82,67,0,300,200,150,100,50
2023-10-04 13:00,149,84,65,0,300,200,150,100,50
2023-10-04 14:00,152,80,73,0,300,200,150,100,50
2023-10-04 15:00,156,73,69,0,300,200,150,100,50
2023-10-04 16:00,153,65,68,0,300,200,150,100,50
2023-10-04 17:00,154,66,65,0,300,200,150,100,50
2023-10-04 18:00,155,86,68,0,300,200,150,100,50
2023-10-04 19:00,159,109,76,0,300,200,150,100,50
2023-10-04 20:00,159,103,79,0,300,200,150,100,50
2023-10-04 21:00,160,85,76,0,300,200,150,100,50
2023-10-04 22:00,160,69,76,0,300,200,150,100,50
2023-10-04 23:00,161,68,81,0,300,200,150,100,50
2023-10-05 00:00,161,66,85,0,300,200,150,100,50
2023-10-05 01:00,160,65,88,0,300,200,150,100,50
2023-10-05 02:00,160,65,86,0,300,200,150,100,50
2023-10-05 03:00,160,64,85,0,300,200,150,100,50
2023-10-05 04:00,161,63,87,0,300,200,150,100,50
2023-10-05 05:00,165,64,88,0,300,200,150,100,50
2023-10-05 06:00,168,64,78,0,300,200,150,100,50
2023-10-05 07:00,170,64,71,0,300,200,150,100,50
2023-10-05 08:00,167,65,69,0,300,200,150,100,50
2023-10-05 09:00,163,73,73,0,300,200,150,100,50
2023-10-05 10:00,166,79,79,0,300,200,150,100,50
2023-10-05 11:00,171,90,83,0,300,200,150,100,50
2023-10-05 12:00,168,105,85,0,300,200,150,100,50
2023-10-05 13:00,166,119,96,0,300,200,150,100,50
2023-10-05 14:00,153,82,87,0,300,200,150,100,50
2023-10-05 15:00,163,67,76,0,300,200,150,100,50
2023-10-05 16:00,166,73,77,0,300,200,150,100,50
2023-10-05 17:00,165,85,79,0,300,200,150,100,50
2023-10-05 18:00,167,117,81,0,300,200,150,100,50
2023-10-05 19:00,164,126,85,0,300,200,150,100,50
2023-10-05 20:00,160,103,82,0,300,200,150,100,50
2023-10-05 21:00,164,77,79,0,300,200,150,100,50
2023-10-05 22:00,164,76,89,0,300,200,150,100,50
2023-10-05 23:00,151,70,88,0,300,200,150,100,50
2023-10-06 00:00,125,51,76,0,300,200,150,100,50
2023-10-06 01:00,127,37,65,0,300,200,150,100,50
2023-10-06 02:00,116,33,61,0,300,200,150,100,50
2023-10-06 03:00,107,30,56,0,300,200,150,100,50
2023-10-06 04:00,104,24,52,0,300,200,150,100,50
2023-10-06 05:00,114,20,50,0,300,200,150,100,50
2023-10-06 06:00,115,21,41,0,300,200,150,100,50
2023-10-06 07:00,118,30,33,0,300,200,150,100,50
2023-10-06 08:00,123,41,36,0,300,200,150,100,50
2023-10-06 09:00,121,49,37,0,300,200,150,100,50
2023-10-06 10:00,144,32,36,0,300,200,150,100,50
2023-10-06 11:00,95,35,30,0,300,200,150,100,50
2023-10-06 12:00,86,62,27,0,300,200,150,100,50
2023-10-06 13:00,88,60,29,0,300,200,150,100,50
2023-10-06 14:00,87,56,31,0,300,200,150,100,50
2023-10-06 15:00,82,39,23,0,300,200,150,100,50
2023-10-06 16:00,84,44,20,0,300,200,150,100,50
2023-10-06 17:00,80,57,19,0,300,200,150,100,50
2023-10-06 18:00,80,62,20,0,300,200,150,100,50
2023-10-06 19:00,81,71,22,0,300,200,150,100,50
2023-10-06 20:00,82,101,25,0,300,200,150,100,50
2023-10-06 21:00,82,86,20,0,300,200,150,100,50
2023-10-06 22:00,87,80,20,0,300,200,150,100,50
2023-10-06 23:00,88,43,21,0,300,200,150,100,50
2023-10-07 00:00,86,23,19,0,300,200,150,100,50
2023-10-07 01:00,81,10,20,0,300,200,150,100,50
2023-10-07 02:00,86,9,19,0,300,200,150,100,50
2023-10-07 03:00,81,10,21,0,300,200,150,100,50
2023-10-07 04:00,77,10,20,0,300,200,150,100,50
2023-10-07 05:00,76,10,20,0,300,200,150,100,50
2023-10-07 06:00,77,13,16,0,300,200,150,100,50
2023-10-07 07:00,87,45,14,0,300,200,150,100,50
2023-10-07 08:00,99,62,16,0,300,200,150,100,50
2023-10-07 09:00,81,163,15,0,300,200,150,100,50
2023-10-07 10:00,81,95,22,0,300,200,150,100,50
2023-10-07 11:00,83,42,20,0,300,200,150,100,50
2023-10-07 12:00,79,54,22,0,300,200,150,100,50
2023-10-07 13:00,82,79,27,0,300,200,150,100,50
2023-10-07 14:00,91,91,28,0,300,200,150,100,50
2023-10-07 15:00,107,86,29,0,300,200,150,100,50
2023-10-07 16:00,109,34,30,0,300,200,150,100,50
2023-10-07 17:00,123,55,35,0,300,200,150,100,50
2023-10-07 18:00,155,86,40,0,300,200,150,100,50
2023-10-07 19:00,160,118,53,0,300,200,150,100,50
2023-10-07 20:00,156,159,59,0,300,200,150,100,50
2023-10-07 21:00,155,143,58,0,300,200,150,100,50
2023-10-07 22:00,155,72,58,0,300,200,150,100,50
2023-10-07 23:00,156,52,62,0,300,200,150,100,50
2023-10-08 00:00,159,51,70,0,300,200,150,100,50
2023-10-08 01:00,163,52,70,0,300,200,150,100,50
2023-10-08 02:00,158,51,72,0,300,200,150,100,50
2023-10-08 03:00,154,50,71,0,300,200,150,100,50
2023-10-08 04:00,142,46,69,0,300,200,150,100,50
2023-10-08 05:00,121,44,65,0,300,200,150,100,50
2023-10-08 06:00,97,35,56,0,300,200,150,100,50
2023-10-08 07:00,98,38,45,0,300,200,150,100,50
2023-10-08 08:00,116,36,39,0,300,200,150,100,50
2023-10-08 09:00,133,51,41,0,300,200,150,100,50
2023-10-08 10:00,138,40,40,0,300,200,150,100,50
2023-10-08 11:00,131,37,38,0,300,200,150,100,50
2023-10-08 12:00,111,93,39,0,300,200,150,100,50
2023-10-08 13:00,133,168,39,0,300,200,150,100,50
2023-10-08 14:00,152,143,46,0,300,200,150,100,50
2023-10-08 15:00,152,68,53,0,300,200,150,100,50
2023-10-08 16:00,148,52,53,0,300,200,150,100,50
2023-10-08 17:00,138,58,51,0,300,200,150,100,50
2023-10-08 18:00,130,89,50,0,300,200,150,100,50
2023-10-08 19:00,144,134,47,0,300,200,150,100,50
2023-10-08 20:00,145,153,52,0,300,200,150,100,50
2023-10-08 21:00,152,104,52,0,300,200,150,100,50
2023-10-08 22:00,151,71,54,0,300,200,150,100,50
2023-10-08 23:00,148,47,58,0,300,200,150,100,50
2023-10-09 00:00,154,42,60,0,300,200,150,100,50
2023-10-09 01:00,157,47,61,0,300,200,150,100,50
2023-10-09 02:00,156,48,61,0,300,200,150,100,50
2023-10-09 03:00,158,43,60,0,300,200,150,100,50
2023-10-09 04:00,156,43,62,0,300,200,150,100,50
2023-10-09 05:00,154,42,63,0,300,200,150,100,50
2023-10-09 06:00,158,41,57,0,300,200,150,100,50
2023-10-09 07:00,159,48,52,0,300,200,150,100,50
2023-10-09 08:00,151,51,52,0,300,200,150,100,50
2023-10-09 09:00,152,72,51,0,300,200,150,100,50
2023-10-09 10:00,153,101,52,0,300,200,150,100,50
2023-10-09 11:00,141,59,48,0,300,200,150,100,50
2023-10-09 12:00,120,84,47,0,300,200,150,100,50
2023-10-09 13:00,129,75,48,0,300,200,150,100,50
2023-10-09 14:00,130,65,51,0,300,200,150,100,50
2023-10-09 15:00,120,49,51,0,300,200,150,100,50
2023-10-09 16:00,129,45,47,0,300,200,150,100,50
2023-10-09 17:00,139,55,51,0,300,200,150,100,50
2023-10-09 18:00,151,78,57,0,300,200,150,100,50
2023-10-09 19:00,117,85,59,0,300,200,150,100,50
2023-10-09 20:00,119,99,57,0,300,200,150,100,50
2023-10-09 21:00,123,76,55,0,300,200,150,100,50
2023-10-09 22:00,123,56,55,0,300,200,150,100,50
2023-10-09 23:00,136,53,61,0,300,200,150,100,50
2023-10-10 00:00,133,52,66,0,300,200,150,100,50
2023-10-10 01:00,127,47,65,0,300,200,150,100,50
2023-10-10 02:00,127,45,65,0,300,200,150,100,50
2023-10-10 03:00,133,48,66,0,300,200,150,100,50
2023-10-10 04:00,137,50,67,0,300,200,150,100,50
2023-10-10 05:00,131,50,67,0,300,200,150,100,50
2023-10-10 06:00,157,51,57,0,300,200,150,100,50
2023-10-10 07:00,161,61,55,0,300,200,150,100,50
2023-10-10 08:00,157,60,54,0,300,200,150,100,50
2023-10-10 09:00,159,69,56,0,300,200,150,100,50
2023-10-10 10:00,159,63,57,0,300,200,150,100,50
2023-10-10 11:00,152,70,56,0,300,200,150,100,50
2023-10-10 12:00,146,76,58,0,300,200,150,100,50
2023-10-10 13:00,147,88,64,0,300,200,150,100,50
2023-10-10 14:00,151,93,66,0,300,200,150,100,50
2023-10-10 15:00,152,66,65,0,300,200,150,100,50
2023-10-10 16:00,152,65,65,0,300,200,150,100,50
2023-10-10 17:00,154,68,65,0,300,200,150,100,50
2023-10-10 18:00,157,84,68,0,300,200,150,100,50
2023-10-10 19:00,158,117,70,0,300,200,150,100,50
2023-10-10 20:00,154,114,70,0,300,200,150,100,50
2023-10-10 21:00,162,105,71,0,300,200,150,100,50
2023-10-10 22:00,158,76,76,0,300,200,150,100,50
2023-10-10 23:00,155,70,87,0,300,200,150,100,50
2023-10-11 00:00,155,65,81,0,300,200,150,100,50
2023-10-11 01:00,159,63,79,0,300,200,150,100,50
2023-10-11 02:00,155,58,76,0,300,200,150,100,50
2023-10-11 03:00,153,54,70,0,300,200,150,100,50
2023-10-11 04:00,153,52,69,0,300,200,150,100,50
2023-10-11 05:00,151,51,67,0,300,200,150,100,50
2023-10-11 06:00,153,51,56,0,300,200,150,100,50
2023-10-11 07:00,155,52,52,0,300,200,150,100,50
2023-10-11 08:00,159,56,51,0,300,200,150,100,50
2023-10-11 09:00,154,75,53,0,300,200,150,100,50
2023-10-11 10:00,135,64,57,0,300,200,150,100,50
2023-10-11 11:00,121,70,54,0,300,200,150,100,50
2023-10-11 12:00,105,69,54,0,300,200,150,100,50
2023-10-11 13:00,143,94,63,0,300,200,150,100,50
2023-10-11 14:00,134,87,68,0,300,200,150,100,50
2023-10-11 15:00,131,63,65,0,300,200,150,100,50
2023-10-11 16:00,134,58,60,0,300,200,150,100,50
2023-10-11 17:00,153,80,63,0,300,200,150,100,50
2023-10-11 18:00,151,110,67,0,300,200,150,100,50
2023-10-11 19:00,138,102,68,0,300,200,150,100,50
2023-10-11 20:00,109,110,67,0,300,200,150,100,50
2023-10-11 21:00,123,74,60,0,300,200,150,100,50
2023-10-11 22:00,144,65,61,0,300,200,150,100,50
2023-10-11 23:00,153,71,72,0,300,200,150,100,50
2023-10-12 00:00,156,67,82,0,300,200,150,100,50
2023-10-12 01:00,162,70,87,0,300,200,150,100,50
2023-10-12 02:00,163,71,93,0,300,200,150,100,50
2023-10-12 03:00,159,68,92,0,300,200,150,100,50
2023-10-12 04:00,159,66,89,0,300,200,150,100,50
2023-10-12 05:00,163,65,87,0,300,200,150,100,50
2023-10-12 06:00,160,65,72,0,300,200,150,100,50
2023-10-12 07:00,163,66,65,0,300,200,150,100,50
2023-10-12 08:00,159,72,62,0,300,200,150,100,50
2023-10-12 09:00,121,77,62,0,300,200,150,100,50
2023-10-12 10:00,97,62,58,0,300,200,150,100,50
2023-10-12 11:00,102,58,53,0,300,200,150,100,50
2023-10-12 12:00,105,73,54,0,300,200,150,100,50
2023-10-12 13:00,102,107,58,0,300,200,150,100,50
2023-10-12 14:00,104,77,60,0,300,200,150,100,50
2023-10-12 15:00,89,57,58,0,300,200,150,100,50
2023-10-12 16:00,80,45,52,0,300,200,150,100,50
2023-10-12 17:00,76,51,43,0,300,200,150,100,50
2023-10-12 18:00,80,68,44,0,300,200,150,100,50
2023-10-12 19:00,73,68,45,0,300,200,150,100,50
2023-10-12 20:00,81,115,51,0,300,200,150,100,50
2023-10-12 21:00,81,86,47,0,300,200,150,100,50
2023-10-12 22:00,86,58,44,0,300,200,150,100,50
2023-10-12 23:00,82,53,49,0,300,200,150,100,50
2023-10-13 00:00,78,36,50,0,300,200,150,100,50
2023-10-13 01:00,79,45,47,0,300,200,150,100,50
2023-10-13 02:00,90,58,48,0,300,200,150,100,50
2023-10-13 03:00,97,45,51,0,300,200,150,100,50
2023-10-13 04:00,96,20,53,0,300,200,150,100,50
2023-10-13 05:00,91,16,54,0,300,200,150,100,50
2023-10-13 06:00,99,15,40,0,300,200,150,100,50
2023-10-13 07:00,117,27,35,0,300,200,150,100,50
2023-10-13 08:00,105,22,36,0,300,200,150,100,50
2023-10-13 09:00,90,31,42,0,300,200,150,100,50
2023-10-13 10:00,60,20,52,0,300,200,150,100,50
2023-10-13 11:00,64,24,37,0,300,200,150,100,50
2023-10-13 12:00,68,57,35,0,300,200,150,100,50
2023-10-13 13:00,82,52,43,0,300,200,150,100,50
2023-10-13 14:00,80,44,52,0,300,200,150,100,50
2023-10-13 15:00,98,26,47,0,300,200,150,100,50
2023-10-13 16:00,114,23,45,0,300,200,150,100,50
2023-10-13 17:00,143,56,53,0,300,200,150,100,50
2023-10-13 18:00,103,62,61,0,300,200,150,100,50
2023-10-13 19:00,97,88,57,0,300,200,150,100,50
2023-10-13 20:00,103,88,56,0,300,200,150,100,50
2023-10-13 21:00,95,66,54,0,300,200,150,100,50
2023-10-13 22:00,91,30,53,0,300,200,150,100,50
2023-10-13 23:00,99,25,57,0,300,200,150,100,50
2023-10-14 00:00,105,27,61,0,300,200,150,100,50
2023-10-14 01:00,111,25,62,0,300,200,150,100,50
2023-10-14 02:00,117,22,62,0,300,200,150,100,50
2023-10-14 03:00,128,23,61,0,300,200,150,100,50
2023-10-14 04:00,139,21,61,0,300,200,150,100,50
2023-10-14 05:00,142,20,61,0,300,200,150,100,50
2023-10-14 06:00,138,22,54,0,300,200,150,100,50
2023-10-14 07:00,152,32,48,0,300,200,150,100,50
2023-10-14 08:00,153,37,51,0,300,200,150,100,50
2023-10-14 09:00,152,39,52,0,300,200,150,100,50
2023-10-14 10:00,152,37,55,0,300,200,150,100,50
2023-10-14 11:00,152,50,56,0,300,200,150,100,50
2023-10-14 12:00,154,70,58,0,300,200,150,100,50
2023-10-14 13:00,152,69,61,0,300,200,150,100,50
2023-10-14 14:00,154,75,60,0,300,200,150,100,50
2023-10-14 15:00,143,54,61,0,300,200,150,100,50
2023-10-14 16:00,132,37,60,0,300,200,150,100,50
2023-10-14 17:00,134,60,59,0,300,200,150,100,50
2023-10-14 18:00,146,81,58,0,300,200,150,100,50
2023-10-14 19:00,153,94,60,0,300,200,150,100,50
2023-10-14 20:00,153,121,65,0,300,200,150,100,50
2023-10-14 21:00,154,78,67,0,300,200,150,100,50
2023-10-14 22:00,155,61,70,0,300,200,150,100,50
2023-10-14 23:00,156,57,75,0,300,200,150,100,50
2023-10-15 00:00,160,51,81,0,300,200,150,100,50
2023-10-15 01:00,155,51,83,0,300,200,150,100,50
2023-10-15 02:00,159,50,81,0,300,200,150,100,50
2023-10-15 03:00,156,46,81,0,300,200,150,100,50
2023-10-15 04:00,156,44,82,0,300,200,150,100,50
2023-10-15 05:00,156,50,84,0,300,200,150,100,50
2023-10-15 06:00,158,47,72,0,300,200,150,100,50
2023-10-15 07:00,165,52,65,0,300,200,150,100,50
2023-10-15 08:00,162,52,63,0,300,200,150,100,50
2023-10-15 09:00,162,72,63,0,300,200,150,100,50
2023-10-15 10:00,160,56,66,0,300,200,150,100,50
2023-10-15 11:00,163,60,70,0,300,200,150,100,50
2023-10-15 12:00,165,74,70,0,300,200,150,100,50
2023-10-15 13:00,164,85,70,0,300,200,150,100,50
2023-10-15 14:00,165,74,74,0,300,200,150,100,50
2023-10-15 15:00,166,67,76,0,300,200,150,100,50
2023-10-15 16:00,163,58,74,0,300,200,150,100,50
2023-10-15 17:00,160,65,73,0,300,200,150,100,50
2023-10-15 18:00,160,78,75,0,300,200,150,100,50
2023-10-15 19:00,163,121,80,0,300,200,150,100,50
2023-10-15 20:00,158,122,83,0,300,200,150,100,50